{
    "rmse": 0.7833315794369258,
    "mae": 0.6341867983928988,
    "r2": 0.022138066385420152
}